000001.png	ꯄꯥꯡꯏ
000002.png	ꯇꯥꯀꯄꯒꯦ
000003.png	ꯍꯥꯏꯍꯧꯏꯗꯣ
000004.png	ꯃꯔꯨ
000005.png	ꯊꯥꯗ
000006.png	ꯀ꯭ꯔꯤꯁ
000007.png	ꯑꯣꯜꯍꯥ
000008.png	ꯆꯥꯎꯏ
000009.png	ꯑꯣꯟꯊꯣꯛꯅꯕ
000010.png	ꯁꯪꯁꯥꯂꯣꯟ
000011.png	ꯆꯥꯏꯂꯝꯄ
000012.png	ꯏꯄꯤꯛ
000013.png	ꯆꯤꯟꯖꯥꯛ
000014.png	ꯄꯥꯋꯔ
000015.png	ꯃꯀꯩ
000016.png	ꯆꯠꯅꯀꯥꯡꯂꯣꯟ
000017.png	ꯀꯥꯄꯥ
000018.png	ꯃꯔꯛꯇꯥ
000019.png	ꯔꯦꯟꯁꯤꯡ
000020.png	ꯃꯃꯥꯡꯗꯒꯤ
000021.png	ꯀ꯭ꯔꯣꯅꯥꯁꯀꯥ
000022.png	ꯍꯥꯎꯁꯇꯥ
000023.png	ꯒꯨꯝꯕꯥ
000024.png	ꯒꯦꯠ
000025.png	ꯙꯔꯃꯒꯤ꯫
000026.png	ꯂꯣꯏꯔꯕꯗꯤ
000027.png	ꯑꯦꯕꯁ꯭ꯠꯔꯦꯛꯇ
000028.png	ꯃꯗꯨꯒ
000029.png	ꯑꯁꯨꯇꯣꯁ
000030.png	ꯕꯔꯖꯟ
000031.png	ꯄ꯭ꯔꯣꯁꯤꯗꯤꯡꯁ
000032.png	ꯂꯤꯗꯨꯅꯥ
000033.png	ꯐ꯭ꯂꯥꯏꯠꯁꯤꯡꯒꯤ
000034.png	꯵꯷
000035.png	ꯂꯥꯏꯔꯤꯀꯁꯤꯡꯅꯤ
000036.png	ꯇꯆ
000037.png	ꯍꯥꯏꯔꯤꯕꯥ
000038.png	ꯁ꯭ꯇꯦꯠꯇ
000039.png	ꯋꯥꯂꯁꯤꯡꯒꯤ
000040.png	ꯁꯤꯇꯣꯛꯀꯦ
000041.png	ꯑꯦꯔꯅꯦꯁ꯭ꯇꯣ
000042.png	ꯂꯩꯃꯒꯤ
000043.png	ꯑꯦꯡꯒꯦꯡꯒꯤ
000044.png	ꯃꯤꯇꯩꯀꯤ
000045.png	ꯈꯉꯅꯤꯡꯕꯥ
000046.png	ꯊꯣꯏꯄꯤ
000047.png	ꯁꯔꯨꯀꯁꯤꯡꯗꯥ
000048.png	꯷꯸꯸꯵
000049.png	ꯀꯟꯅꯦꯛꯇꯤꯀꯠ
000050.png	ꯇꯨꯠ
000051.png	ꯇꯥꯕꯗꯒꯤ
000052.png	ꯄꯨꯝꯅꯃꯛ
000053.png	꯷꯹꯱
000054.png	ꯃꯤꯠꯂꯨ
000055.png	ꯊꯣꯡꯒꯤ
000056.png	ꯕꯥꯑꯥꯊ
000057.png	꯴
000058.png	ꯃꯨꯡꯌꯥꯝꯕ
000059.png	ꯆꯪꯁꯤꯜꯂꯛꯄꯒ
000060.png	ꯋꯤꯀꯤ
000061.png	ꯀꯣꯆꯨꯕꯦꯁꯤꯡ
000062.png	꯶꯰
000063.png	ꯄ꯭ꯔꯣꯁꯦꯁ
000064.png	ꯌꯥꯎꯔꯦ
000065.png	ꯗꯤꯛꯇꯦꯇꯔꯁꯤꯞ
000066.png	ꯍꯥꯏꯅ
000067.png	ꯗꯦꯀꯣꯔꯦꯇꯦꯗ
000068.png	ꯄꯨꯟꯁꯤ
000069.png	ꯇꯝꯐꯝꯁꯪꯂꯦꯟ
000070.png	꯹꯸꯹꯱
000071.png	ꯑꯦꯅꯤꯃꯦꯠ
000072.png	ꯇꯧꯕꯁꯤꯡ
000073.png	ꯀꯨꯝꯃꯩꯁꯤꯡꯗꯥ
000074.png	ꯂꯩꯔꯃꯗꯦ
000075.png	ꯁꯧꯒꯠꯄꯅ
000076.png	ꯀꯟꯊꯧꯕ
000077.png	ꯈꯥꯏꯗꯣꯛꯄꯒꯤ
000078.png	ꯃꯌꯥꯝꯕ
000079.png	ꯍꯤꯐꯦꯏꯁꯇꯁ
000080.png	ꯈꯝꯅꯨꯡ
000081.png	ꯊꯋꯥꯏꯁꯤꯡ
000082.png	ꯆꯥꯝꯉꯥꯒ
000083.png	ꯄ꯭ꯔꯚꯥꯁ
000084.png	ꯁꯦꯠꯂꯤꯕ
000085.png	ꯐ꯭ꯂꯥꯏꯠꯁꯤꯡ
000086.png	꯲꯰
000087.png	ꯏꯇꯥꯂꯤꯗꯥ
000088.png	ꯑꯜꯗꯣ
000089.png	ꯐꯦꯟ
000090.png	ꯁ꯭ꯇꯦꯞ
000091.png	ꯕꯦꯏꯂꯤ
000092.png	ꯆꯥꯛ
000093.png	ꯘꯗꯤꯒꯥ
000094.png	꯶꯷꯷꯲
000095.png	꯶꯰
000096.png	ꯅꯨꯡꯉꯥꯏꯇꯕꯁꯤꯡ
000097.png	꯱꯵
000098.png	ꯕꯤꯄꯤꯟ
000099.png	ꯁꯦꯟꯇꯁꯤꯡꯕꯨ
000100.png	ꯃꯔꯣꯃꯗꯣꯝ
